 (1.463369940887513598e+00+9.820980960019903838e-01j), (8.060725601114820948e-01+6.626665857656659497e-01j), (1.058843445158000440e+00+1.730728583667570097e-01j), (1.208541996210588110e+00+4.818850171436012131e-01j), (1.460972855770725998e+00+4.134016950151453429e-01j), (2.428596212734979609e+00+7.222386239250103701e-01j), (2.762082172835828686e+00+1.481890547609816533e-01j), (3.169593378009753160e+00+3.864393740083705842e-01j), (4.026704603162535534e+00+6.191399489939440892e-01j), (3.744277621505435860e+00+1.787156288179503338e-01j), (4.472147732665353814e+00+3.079218562683846416e-01j), (4.820487659809238323e+00+8.041175716260042794e-01j), (6.035469164241312967e+00+1.709654317847220106e-02j), (5.883477195118925529e+00+7.851851750075611314e-02j), (6.268028923242610517e+00+8.341471333324707027e-01j), (6.678130761088489464e+00+1.741738518794090362e-01j), (6.602043417841080952e+00+6.489603946600994711e-01j), (6.356815479002626113e+00+4.543844682124189571e-01j), (6.367325695522178641e+00+2.773324549927449478e-01j), (5.883876938227544429e+00+1.101918214144372854e-01j), (5.510928570937328352e+00+9.852347997695678483e-01j), (5.515853006183773388e+00+3.641092847832241297e-01j), (4.499543928997850273e+00+6.296971500234298524e-01j), (4.150596373083542900e+00+3.498070027654426317e-01j), (3.578981693713219059e+00+5.369202231189108554e-01j), (3.324235194458845299e+00+6.323774634800367611e-01j), (2.301906546422184174e+00+1.909740612155982342e-01j), (2.784629900167408856e+00+8.826053243201642529e-01j), (1.599492331412556201e+00+2.387117297622420864e-01j), (1.559713594592950336e+00+2.365778274613293819e-01j), (9.569030684694620481e-01+9.036754482080682216e-01j), (1.054861473937795058e+00+3.077620047617357635e-02j)
 (9.316751425460418901e-01+7.779499035432758669e-01j), (1.544011329858588466e+00+8.289649480315730568e-02j), (1.192812813438665742e+00+8.731165270543361778e-01j), (1.404357518296567298e+00+5.375676863121947591e-02j), (1.946887148982770377e+00+3.423500498077272081e-01j), (2.050629812755672354e+00+4.811067178872648897e-01j), (2.137669420375211349e+00+8.078906261752545337e-01j), (3.451859673631653802e+00+8.404892326837538619e-01j), (3.835354695828078864e+00+3.172625342600955411e-01j), (4.091419236055935826e+00+8.143136687855158096e-01j), (4.469399662392210537e+00+2.424746713276361154e-01j), (5.182030816411477225e+00+9.257246000112506756e-02j), (5.563778696197897666e+00+5.082393193137002552e-01j), (5.708154630122409756e+00+6.451717711669263666e-01j), (5.750376019599661603e+00+4.569961811735547830e-01j), (5.826795397030664958e+00+1.802701341965620152e-01j), (5.772868990134012002e+00+1.059905531879112850e-02j), (6.394288068534144109e+00+9.440009572492028544e-01j), (6.199209510305934145e+00+3.538842255184436736e-01j), (5.298986095389033757e+00+5.389316381225215391e-01j), (5.418405363244939821e+00+2.899075403991185906e-01j), (5.048276639543578526e+00+9.315149754697619189e-01j), (4.126848158851066373e+00+3.885462300884485742e-01j), (3.917451119072615118e+00+6.947286547367769183e-01j), (3.732123752265381178e+00+2.017640859195942715e-01j), (2.948713549154817315e+00+6.599311998759987974e-01j), (2.530907493941533026e+00+6.649396048695412897e-01j), (1.721023478923060290e+00+4.747729296537925858e-01j), (1.721213845637093121e+00+7.508929662732761745e-01j), (1.306534802998905676e+00+9.303217219299835250e-01j), (1.571615282221916488e+00+9.824077079903980048e-01j), (6.142585788087682186e-01+8.195245255869888501e-01j)
 (6.982800095174690469e-01+9.359684078584056266e-01j), (1.153088919744351459e+00+2.125190014361107993e-01j), (9.603410097069424722e-01+8.656324950008191799e-01j), (1.770205009238589255e+00+4.758550730280278751e-01j), (1.791173829387948224e+00+2.741286639235521738e-01j), (2.571283586655239706e+00+7.977374742899845383e-02j), (2.415414139548686556e+00+7.609912016403610480e-01j), (3.207174043442741151e+00+5.569031953500834797e-01j), (2.786126076987970990e+00+1.486287159040328154e-01j), (4.199897519914253863e+00+7.209762942346727987e-01j), (4.054436923926957981e+00+7.447337444409007912e-01j), (4.793297959291935584e+00+3.113801290188302762e-01j), (4.739374334046503989e+00+3.776443993154333656e-01j), (5.479929129707124424e+00+7.669184803264733619e-01j), (6.060620725573155454e+00+5.990024345275654083e-01j), (5.840619556447968819e+00+5.318001517058735805e-01j), (5.296442700905320322e+00+6.191343958078836529e-01j), (5.372750273935968046e+00+8.510682760334584707e-01j), (5.387051572107504960e+00+3.284384365785542048e-01j), (5.809948177466366381e+00+5.548116629512442888e-01j), (4.966740631171343345e+00+9.775420615085972376e-02j), (4.491204989090888944e+00+5.469171047194520963e-01j), (4.611959878855024009e+00+2.563515099474925618e-01j), (4.144987802901316520e+00+6.914412003303437304e-01j), (3.423326477820494596e+00+2.690179991228184297e-01j), (3.092145612678948385e+00+8.941752152168710444e-01j), (2.232594569699305698e+00+2.463243786075652864e-03j), (2.484855010804332132e+00+4.713861262959104792e-01j), (1.291730298357589790e+00+8.164949155743962406e-01j), (1.700339787643221356e+00+9.547070222269631312e-01j), (1.186840902228604167e+00+2.446863986281736514e-01j), (1.099857302933645142e+00+3.432881681214482450e-01j)
 (6.526669576278938401e-01+2.371239564044536063e-01j), (1.517432704670102606e+00+6.560028266687790710e-01j), (7.262249563269795871e-01+9.214364828605287050e-01j), (1.148670122197936294e+00+9.947589669406912138e-01j), (1.307174784451860639e+00+8.664113185161188557e-01j), (2.453047794681163296e+00+8.082894645980920334e-02j), (2.490084550170563737e+00+1.106996245456491890e-01j), (2.903765806675924210e+00+6.221633562630459746e-01j), (3.011952185643997026e+00+6.598334728446897390e-02j), (3.219854069370905680e+00+1.505547747731466046e-01j), (4.391606344435277975e+00+2.804190115314297849e-02j), (4.823636564348935174e+00+9.918212035623957812e-01j), (5.108941704982064458e+00+5.084877551801874063e-01j), (4.692126954818370166e+00+6.338690246348420709e-01j), (5.740017189590311375e+00+7.088265454002634636e-01j), (5.345323260333227466e+00+3.649252962359895713e-01j), (5.396670887554092744e+00+2.881480343625876239e-01j), (5.609536529739453492e+00+6.780324599835813038e-01j), (5.390539659400369388e+00+4.804803007597380216e-02j), (4.983149066694744889e+00+6.115430617933381718e-01j), (4.788588638817407706e+00+7.530139703877125612e-01j), (4.073901353013432924e+00+2.779143052699333261e-01j), (3.646740955746537338e+00+1.995083011621582303e-01j), (3.513470215801822061e+00+9.321771589387453094e-01j), (2.966550081928517990e+00+9.880226075347438019e-01j), (3.193763258527297921e+00+7.828948089256029252e-01j), (2.562821756306369103e+00+6.857292834352027855e-01j), (2.310970677747703039e+00+4.653564548081122743e-01j), (2.158257561066408758e+00+5.940163075671467396e-02j), (1.755943442483905548e+00+2.618759074884295934e-01j), (1.607137676585397967e+00+4.003146553567515920e-01j), (1.282428555926183433e+00+5.023291579998788725e-01j)
 (6.682688632326645450e-01+3.148706993961337686e-01j), (1.348827226709982341e+00+9.832836098246908740e-01j), (1.627099942993936788e+00+4.093720708551354948e-01j), (1.140962668049058770e+00+2.989121182170662028e-02j), (1.179078969801283572e+00+5.939399532535010184e-01j), (1.420213478425803810e+00+8.417497561099648307e-01j), (2.264843513826715338e+00+6.028094623377594496e-01j), (2.405188021723366543e+00+2.321841182004044102e-01j), (3.318319378143801401e+00+9.405929091530912389e-01j), (3.752191690409089286e+00+3.920495018175049751e-01j), (3.388743214749401211e+00+9.219585939878183201e-01j), (3.699358441932169228e+00+3.684025784124084213e-01j), (4.771987131277031224e+00+2.464738201151865926e-01j), (4.511509015039442794e+00+4.249652602297756543e-01j), (5.203532064575601801e+00+7.008856695779488444e-01j), (5.467768077944391791e+00+7.539228947974652151e-01j), (4.655029849784429352e+00+3.209746436999438846e-02j), (4.877728589370017964e+00+8.034835584127372199e-01j), (4.832614013316435475e+00+8.091936355444674378e-01j), (4.378567254055726998e+00+8.736689410274131040e-01j), (4.579294235497497922e+00+2.709699606239430736e-01j), (3.744729847309872017e+00+7.300223192254402527e-01j), (3.585614603867536054e+00+7.680455011165110424e-02j), (2.981048847654309331e+00+7.637489560331176541e-01j), (3.024487297963235122e+00+7.913306741786236831e-01j), (2.115268966881569845e+00+4.562441558409912057e-01j), (2.070648691468672808e+00+6.513341792987424883e-01j), (1.841037270860816033e+00+8.368868605751248468e-01j), (1.693986001598902558e+00+5.325587599939809458e-01j), (9.324372899297104222e-01+3.797912622215997569e-01j), (1.350920683705111758e+00+6.284733071824013528e-01j), (7.332694813292428559e-01+6.156770869598759965e-01j)
 (7.882535608417823303e-01+2.756632067444247935e-01j), (7.142446453364967862e-01+2.210853023327652433e-01j), (1.154479556227290260e+00+4.108352954657021883e-01j), (1.574463184995779974e+00+8.804654568601377740e-02j), (1.856641336882830284e+00+2.667829793688686335e-01j), (1.330034455812851846e+00+8.698408665316879063e-01j), (1.606540058727956133e+00+2.739248103619422725e-01j), (2.452516351170007880e+00+5.249869105983567819e-01j), (3.072221243803753943e+00+7.131367518146555229e-01j), (3.084811795645189925e+00+1.303212473895728474e-01j), (3.955051446895082368e+00+3.675088145087256342e-01j), (3.645045330021729590e+00+5.479317012523017283e-01j), (4.037662897277673579e+00+9.263622565096177874e-01j), (4.807049456935396314e+00+7.315061869166361586e-01j), (5.089219869271072838e+00+9.649458550504058651e-01j), (4.474493889677501279e+00+4.978390942853643253e-01j), (5.073818295103236231e+00+5.492645087834213680e-01j), (4.575361385097956202e+00+2.451371779143631802e-01j), (4.805338957701953184e+00+3.068144795326064322e-01j), (4.608403814390026554e+00+3.890036367118622218e-01j), (4.637476316373613905e+00+3.329048247371435565e-01j), (3.779847701063452359e+00+5.979025637773687230e-01j), (3.370129361785030753e+00+5.670195751100183257e-01j), (3.130285682115223178e+00+3.083761133908631269e-01j), (2.558007116401571857e+00+7.107955686062809031e-01j), (2.891749974828118575e+00+7.849996574005346783e-01j), (2.413905026680100541e+00+8.625663500175573262e-01j), (2.298848691220309437e+00+5.963140181712990318e-01j), (1.932596049541131844e+00+2.269708675515957896e-01j), (1.575993910078218541e+00+6.220379420062022158e-01j), (7.276724655194468649e-01+2.753597980851718585e-02j), (1.385299954645983433e+00+2.308068506984770618e-01j)
 (7.287010548456459569e-01+5.863494078005999643e-01j), (9.781843524349018715e-01+6.069972120560608309e-01j), (6.534736229309540123e-01+5.100895718259690348e-02j), (1.708782786018953948e+00+5.609200087000375534e-01j), (1.346465816514486269e+00+5.676075385132781648e-01j), (1.339348456647488028e+00+1.354731566950031496e-01j), (1.873927361377583534e+00+3.356080655487232445e-01j), (2.655157258798721553e+00+4.858058470317505595e-03j), (2.285531405481657785e+00+4.497837444638941307e-01j), (2.945358007977078252e+00+2.524542799558526784e-02j), (3.366528264933591252e+00+2.991157328955552641e-01j), (3.914240505579588358e+00+6.132414629703513143e-01j), (4.272040426544827518e+00+1.918327278981306616e-01j), (4.402927568641681333e+00+9.936578785927703272e-01j), (4.659315932360995838e+00+4.351518021370467393e-01j), (4.568200486213132905e+00+9.101422708991475652e-01j), (4.334898605678543682e+00+1.870637818051075207e-01j), (4.270686439543093016e+00+6.600841156538664878e-01j), (4.813190258728840654e+00+8.984655814151273345e-01j), (4.119583473837666432e+00+7.437979489273136569e-01j), (3.889557609505962521e+00+8.122900220778619396e-01j), (3.741106300018882891e+00+6.374578558536384554e-01j), (3.444382283054030491e+00+9.874151995968689643e-01j), (2.588121208296891407e+00+5.250173409039649020e-02j), (2.751973446033868509e+00+7.036390123922735551e-01j), (2.342462819225851423e+00+4.183832200612435104e-01j), (1.897061115176587709e+00+3.815139347029815609e-01j), (1.335572923697468273e+00+9.971226514844722111e-02j), (1.107590017472534605e+00+6.820711146778353218e-01j), (1.573927895616634043e+00+1.117500564160077703e-01j), (9.501689502449235381e-01+6.506071722528228296e-01j), (1.272772606341235679e+00+9.097890937309727200e-03j)
 (1.115370698550174788e+00+3.060740908869039600e-01j), (1.335520713472540866e+00+6.176593350382665326e-01j), (1.169394120356615829e+00+7.733031983557503430e-01j), (8.841732498146868124e-01+5.947479113277088780e-01j), (1.340147012194863319e+00+4.503722299694711273e-01j), (2.091949735826770240e+00+1.408693838406162024e-01j), (1.416979838504841549e+00+9.482234002165192965e-01j), (1.757314328566307537e+00+3.302706804114319272e-01j), (2.702284850896616852e+00+2.784896697906686924e-01j), (2.571482514407695597e+00+8.737274346534311675e-01j), (2.783106874208189474e+00+4.197314985960401978e-01j), (3.591911091158402680e+00+5.229295181082457278e-01j), (3.310015164293129253e+00+2.055391663257321033e-01j), (3.993670711941852414e+00+1.557711636770799934e-01j), (4.616236328929002042e+00+8.436894703896493652e-01j), (3.798349553555919744e+00+2.545053093915230491e-01j), (4.381785254920389505e+00+5.392419559127580309e-01j), (4.122293861790114811e+00+3.332743384292887745e-01j), (4.219846703898119777e+00+2.875378058451816266e-01j), (4.237700446743833282e+00+3.448311688372951433e-02j), (4.152229798649386794e+00+8.485788793845171485e-01j), (3.108942674212528345e+00+8.730715286117881613e-01j), (3.588628226753534101e+00+1.614911489792715260e-01j), (2.613322965870447767e+00+2.313288518993045217e-01j), (2.073611748323320736e+00+6.040265013708868702e-01j), (1.888763534232472008e+00+5.403874405544102366e-01j), (1.468906008544502928e+00+4.806192486305199685e-01j), (1.673531832835216449e+00+8.501444320951202505e-01j), (1.594481308470067304e+00+3.393764604006201946e-01j), (7.231797442174587864e-01+8.233888186278488508e-01j), (9.546009643819622914e-01+7.414785018858546239e-01j), (1.110038869064687184e+00+5.371452111236735272e-01j)
 (3.957147596893016983e-01+3.888229492825689970e-01j), (5.039877023531156297e-01+3.067618541725092296e-01j), (9.350305417907550654e-01+3.530821625838440614e-01j), (7.040205642398764674e-01+3.262142591414580739e-01j), (1.812998246746018838e+00+7.730754211174157842e-01j), (1.361093147136696047e+00+7.208054452229506470e-02j), (2.257169591584459845e+00+5.804642053203791230e-01j), (1.843806030232789217e+00+3.197440207462267647e-01j), (2.307436410784805769e+00+6.485145159130953907e-01j), (2.611433914373841425e+00+1.548699170712610762e-01j), (3.286383490453466116e+00+4.686309785565324626e-01j), (3.461464145667909609e+00+2.569452925958899403e-01j), (3.811194798265685080e+00+2.025833303681323638e-02j), (4.074559136316516117e+00+2.209785037019834641e-01j), (3.638414243911585189e+00+1.201867809667256370e-01j), (3.990085181172712492e+00+6.713697345949509732e-03j), (3.781477624285173533e+00+1.491559928791155176e-01j), (4.378000666324155077e+00+5.257914893265939194e-01j), (3.727047366617037838e+00+7.379721993638759248e-01j), (3.396278005883597295e+00+9.693405460206361290e-01j), (3.907977950883049889e+00+8.976075866595638608e-01j), (3.290688419746865989e+00+2.027636260084930697e-02j), (3.208401008176545943e+00+4.164485664432135970e-01j), (2.953681044254599097e+00+7.068001513857057327e-01j), (1.907302238661354732e+00+2.506864484689030892e-02j), (1.795917507082529507e+00+6.339130512923634164e-01j), (2.055594206304194760e+00+7.641801798550373892e-01j), (1.393407249104789081e+00+1.344004579649199504e-01j), (1.323913936585654039e+00+9.223469809599401659e-01j), (1.131264652802633108e+00+5.721578223618003500e-01j), (9.816889408047311250e-01+7.628545500358221432e-01j), (1.059479659251174377e+00+3.051419858308571653e-01j)
 (1.205498109255363826e+00+8.924923616808839721e-01j), (1.269838736632804777e+00+4.310068151629555810e-01j), (6.635180747001265811e-01+8.803509990837010690e-02j), (7.043594578701617426e-01+2.704275016699162482e-01j), (1.034741632022276203e+00+8.744419091015469547e-01j), (1.657579560969297372e+00+3.907460326796811101e-01j), (2.200640796161498880e+00+5.875442526160710166e-01j), (1.837515951487309840e+00+3.987425495940187803e-01j), (2.226343717702979674e+00+5.658226449658941837e-01j), (2.701982759542491674e+00+3.571020843243433163e-01j), (2.570676511131965380e+00+2.982098602357262651e-01j), (2.636926332747594692e+00+6.270877701263987136e-01j), (3.614171979983598071e+00+8.594852797776203479e-01j), (3.677212673030666679e+00+6.089297417677516089e-01j), (3.938010353536196551e+00+8.016671687419464343e-01j), (3.438749588156306380e+00+8.623433595565433984e-01j), (3.674099179205193799e+00+7.678799366493466172e-01j), (3.962043683965209340e+00+5.759578392816600001e-01j), (3.714375413670752746e+00+1.411729247285273825e-01j), (3.787556725808753910e+00+9.689466863634978999e-01j), (3.087883567765816739e+00+7.332312821723810936e-01j), (3.028321763746099293e+00+8.007010130107929946e-01j), (2.878725617092900979e+00+8.481923171116129145e-01j), (2.701829679385741034e+00+6.708973725074306449e-01j), (2.076942268073841635e+00+7.718005349344103649e-01j), (1.680631819455513654e+00+1.022092261984318684e-01j), (1.582499534826260268e+00+8.381057406272118815e-01j), (1.579400230902630042e+00+8.395928923981100800e-01j), (1.354626512660340953e+00+1.633315872779707023e-01j), (1.240110833660086342e+00+3.712803234157293630e-01j), (1.120120079805917435e+00+3.654075730526400445e-01j), (5.401208087273958736e-01+3.789059344764126314e-01j)
 (6.858668815026932597e-01+5.556982331198961900e-01j), (5.262080949675551622e-01+4.900142596949542684e-01j), (1.114722641593481889e+00+8.914100286013376673e-01j), (1.475324988120829239e+00+1.725484960059870954e-01j), (1.679625514614316639e+00+8.190108132634058569e-01j), (1.594960161441323354e+00+5.455767215640706658e-01j), (1.322397613639684444e+00+9.048474682161300464e-03j), (2.070679857710789662e+00+9.802935173403333202e-01j), (2.266190822510035563e+00+2.815589733942611694e-01j), (2.208714565399618746e+00+6.772671147951569992e-02j), (2.908396364281915059e+00+9.187671783221547095e-01j), (2.975493084204252181e+00+5.713365016180734779e-01j), (3.617542377170059442e+00+6.414061753939392929e-01j), (3.311048882869436660e+00+8.118568683178767342e-01j), (3.241426576132041326e+00+1.294588823299192004e-02j), (3.617652742856467096e+00+3.393793049165579889e-01j), (3.577370075729306986e+00+8.040902159815729311e-01j), (4.006421076993601282e+00+9.255694033650747610e-01j), (3.973110833403896258e+00+9.991455857124486029e-01j), (3.775050236546809934e+00+7.905276773318127281e-01j), (3.068860172663390617e+00+4.315540796423054104e-01j), (3.032482550685942524e+00+5.650885728831329669e-01j), (3.019446942867327621e+00+5.917939833458885079e-01j), (2.074674354969044288e+00+8.373224685928977173e-01j), (2.455217598845176319e+00+4.205115190192554309e-01j), (1.743360316831309653e+00+2.939759211784326309e-01j), (1.296147619005135088e+00+7.820056585903302215e-01j), (9.754092569765301368e-01+8.896956802495921135e-01j), (1.091794300312836974e+00+4.204876570103880384e-01j), (1.367611595935652069e+00+9.014836948643828451e-01j), (1.218103263278037529e+00+8.053465354988972313e-01j), (8.691659297093302650e-01+6.814062021828604099e-02j)
 (5.070103048816334557e-01+2.383497608364618658e-01j), (1.080662420561471881e+00+9.217076061458367997e-01j), (6.199572643141694206e-01+6.512498245435621724e-01j), (8.174643702576634974e-01+1.773129481016905151e-01j), (8.049995233958474605e-01+3.746110320416045081e-01j), (1.398862991097978625e+00+3.649234331859370073e-01j), (1.429856186365532578e+00+3.794343151541356152e-01j), (2.006732548465294030e+00+6.451663987385192200e-02j), (2.078635415153957666e+00+5.973904744605333939e-01j), (1.927399694259797291e+00+8.751945885264108549e-01j), (3.008958299803404568e+00+9.717998911258828310e-01j), (2.342445272170455173e+00+6.410744672417816314e-01j), (2.721757523851346061e+00+2.285540585238868827e-01j), (3.227196995760556852e+00+9.793811413155527612e-01j), (3.149489397966606319e+00+1.352399395746295419e-01j), (3.878096447283604586e+00+3.034373888026815624e-01j), (3.845727017551175297e+00+9.753636981606563783e-01j), (3.869417750185457638e+00+9.630554325823658113e-01j), (3.130445421714171061e+00+9.012940136797429336e-01j), (2.855372502619906605e+00+2.830018566946355119e-01j), (3.286166686947736615e+00+5.210949301707401560e-01j), (3.003655908318630718e+00+4.957513180880219750e-01j), (2.753364645617717432e+00+9.324435516409730340e-01j), (2.236420625088481717e+00+1.512368244965354158e-01j), (1.650205294977230785e+00+7.919088386879562513e-01j), (1.387153896751766702e+00+3.110106455052421559e-01j), (2.073229068953718279e+00+1.286341745250477731e-01j), (1.352250438887610429e+00+2.197206685058065156e-01j), (8.193079873404210955e-01+4.769967610396556035e-01j), (1.420350368734093482e+00+8.528209705476521574e-01j), (4.425060244318516078e-01+3.728665601413835295e-01j), (8.735258367621641096e-01+3.720198276209502053e-01j)
 (4.785658063071146495e-01+3.176418875011627341e-01j), (9.415669242958741858e-01+5.153474244842959351e-01j), (7.848361459513766292e-01+1.078038309404605322e-01j), (5.919971686438829650e-01+9.056001840426297633e-01j), (1.205709496098213762e+00+5.708187241125387557e-01j), (1.014687135997026424e+00+6.106137403302415168e-01j), (2.003392527315935645e+00+4.027306157952600385e-01j), (1.568430363774210301e+00+3.366672398345874617e-01j), (1.700728444647646054e+00+7.906495095622517733e-01j), (1.963001497043034282e+00+1.442153343454245507e-01j), (2.352880014730308389e+00+9.799982891909110316e-01j), (3.162220661250339404e+00+3.350122300601997560e-01j), (2.408994960364936766e+00+1.876062977023359446e-01j), (2.653540573780604372e+00+1.615120952602875359e-01j), (3.348784094495774522e+00+7.275525533880865536e-01j), (3.126809924237542226e+00+1.559621235304585740e-01j), (3.779117899771623712e+00+4.759240591138421683e-01j), (2.862244419415602259e+00+1.883071517336131206e-01j), (3.179178008422844925e+00+7.528191831523411981e-02j), (3.219996101785927767e+00+2.645500089168982827e-01j), (3.081557657141816176e+00+7.141819177576286259e-01j), (2.931873057842962815e+00+9.156603147295465650e-01j), (2.195671738136564244e+00+9.152492456602555615e-01j), (2.201919631304332547e+00+9.646359011600024180e-01j), (1.746713892702998150e+00+7.873916958997672078e-01j), (1.549539892780670503e+00+9.792052904183191631e-01j), (2.016971703604200528e+00+8.415450840843462510e-01j), (8.674671070789665706e-01+5.161651136137810347e-01j), (7.282459169548299860e-01+3.412120024024590803e-01j), (6.183431784025614775e-01+4.211114657226253666e-01j), (6.451144633244323412e-01+4.956510423872212412e-01j), (7.843009139309513600e-01+9.177271665763639952e-01j)
 (6.372803444683665663e-01+6.628895745597332967e-01j), (3.584338868370929299e-01+3.418695385815428978e-02j), (9.159806455421957150e-01+6.163637725191520866e-01j), (7.868903516238003881e-01+4.062513191831343962e-01j), (9.119127816440776302e-01+8.502297239242441185e-01j), (9.901265201594899867e-01+7.306180604616731022e-01j), (1.383086716292497131e+00+5.639617540173332833e-01j), (2.101614382137089176e+00+6.848907376068502639e-01j), (1.911042459803586446e+00+5.116129342066468855e-01j), (2.042368740917692271e+00+2.545566241058369039e-01j), (2.344503089587092859e+00+8.775535801501659350e-01j), (2.090887928523440742e+00+9.637547166921112130e-01j), (2.699510675906030777e+00+6.000279721623680285e-02j), (2.862646830055797675e+00+7.969351261575922107e-01j), (3.062811368385224498e+00+5.357999060334744934e-01j), (2.924142933191054006e+00+5.404517118308744816e-01j), (3.078600798565257257e+00+2.979308707259165079e-02j), (3.272175007161171489e+00+1.445626066678318278e-01j), (2.901428367436708289e+00+4.438712039135719323e-01j), (3.374380789042730200e+00+8.969955254375500120e-01j), (2.254474520000042226e+00+2.671871289556654316e-01j), (2.475268175883263311e+00+9.966945350001229498e-01j), (2.813352492489632706e+00+4.669216408615018965e-01j), (2.394853880900619458e+00+1.279115790371393446e-01j), (2.357480556133774829e+00+9.350331306225354577e-01j), (1.288997924365260284e+00+1.193120664446841728e-01j), (1.477118440574973768e+00+4.537426572479632547e-01j), (1.773670679641079495e+00+2.191212195268290586e-01j), (9.258849477379552662e-01+1.301959488522720365e-01j), (9.351968704210061878e-01+8.683775232561168345e-01j), (1.366177615933220402e+00+7.356576887839711976e-01j), (1.128462492028714514e+00+6.776138790361535547e-01j)
 (1.168159093566099926e+00+7.744352322151499823e-01j), (1.039553114616230234e+00+1.201908371415970622e-01j), (1.036515326610371490e+00+2.180981254636681355e-01j), (8.807201948994807239e-01+8.231214720202451041e-02j), (1.124195636920783947e+00+4.355126256311345756e-01j), (9.212533959078336165e-01+3.851271949409582618e-01j), (1.529751937544999718e+00+1.388029949961989695e-01j), (1.913387531780495143e+00+7.557427992614836887e-01j), (2.258528879959978752e+00+8.909309693650331319e-01j), (2.240274586446260319e+00+7.338899892672768877e-01j), (1.750865659817447462e+00+8.834506919338565023e-01j), (2.558696484826330497e+00+9.149898246601660956e-01j), (2.111208733931732251e+00+5.962210713572394516e-01j), (3.184695651809077432e+00+1.826615503060209367e-01j), (3.235472537910326185e+00+9.893424376072149640e-01j), (2.542817148924594761e+00+6.450502798707301588e-01j), (2.980645390073836776e+00+9.217643635370346145e-01j), (3.098731427256502080e+00+7.989477337921284672e-01j), (2.859715658133400673e+00+3.332946169432099426e-01j), (3.002437491768049860e+00+7.903122553581906073e-01j), (2.878311606590341576e+00+3.521189285552804860e-01j), (2.309407359324791464e+00+4.270233801006670937e-01j), (2.512776168682987254e+00+9.365824732021081900e-01j), (1.749459774787736066e+00+5.741578442840278296e-02j), (2.281926447393057167e+00+4.986801731669320281e-01j), (1.950933088485073519e+00+4.515987749712027099e-01j), (1.392053269948686278e+00+3.474340106228387404e-01j), (1.090294928501259752e+00+1.462983591104065617e-01j), (7.464670114120415256e-01+2.823523297603753868e-01j), (1.331512004611245858e+00+8.736586829065493554e-01j), (3.737181266905259536e-01+7.987578311151921628e-01j), (1.116104049095268280e+00+3.342098476988345501e-01j)
 (2.421877348636758964e-01+8.754560953522925182e-01j), (5.965191087113392854e-01+3.233740451344150335e-01j), (3.351152804662271278e-01+5.353730831313854299e-01j), (6.574220484047602620e-01+8.930028062546744305e-01j), (1.108369561329345832e+00+1.201532728326865085e-01j), (1.186065881595989246e+00+5.272644875620750016e-01j), (1.242299601977781220e+00+7.795723344089086071e-01j), (1.859268069165707082e+00+5.567787015568513853e-01j), (2.120000084073213387e+00+6.243931534328465149e-01j), (2.285546602395540638e+00+7.568135680285617006e-01j), (2.008374604279082654e+00+8.014928269955966522e-01j), (2.784860721441544396e+00+8.919371064588654807e-01j), (2.390865540040840287e+00+5.952273519112513123e-01j), (2.917049337224710381e+00+3.083944155867714976e-01j), (2.725989473080622449e+00+3.746134660398658944e-01j), (2.898974565002634840e+00+7.618639695416812296e-01j), (2.523566709832878896e+00+8.141525000336925499e-01j), (2.491006427218464214e+00+9.092348571823616332e-02j), (2.731167885624057767e+00+5.565853951085262263e-01j), (2.123375222538911089e+00+2.634247627029978611e-01j), (2.862255908178638730e+00+8.585955451468840760e-02j), (2.771461902339296124e+00+3.060138149040181332e-01j), (1.847186922818635946e+00+4.043201884787619438e-01j), (1.705273891436150269e+00+2.362314283761767220e-01j), (1.654903653230239247e+00+3.320377655887817303e-01j), (1.103711704555040862e+00+4.393325744202791761e-01j), (1.155394088390977902e+00+9.330124336738719881e-01j), (1.031214907434063743e+00+5.336743697934150932e-01j), (1.536475816829168117e+00+9.812634487111381310e-01j), (1.153903183377032349e+00+5.666095141003038016e-01j), (1.113178855492722663e+00+9.914398002148426814e-01j), (3.669838297076295497e-01+8.997774925177617344e-01j)
 (1.718113332435579343e-01+1.359083868420269958e-01j), (2.788954074863178034e-01+6.037939282981117373e-01j), (6.501688921938590937e-01+4.490310422886364394e-01j), (4.334510783172813020e-01+4.385796507674184497e-01j), (1.440460547721922557e+00+6.726199219449053857e-01j), (8.747371609528454828e-01+6.434953187992558110e-01j), (8.603017763309627197e-01+6.670591566193296851e-01j), (1.184174815610152809e+00+8.825497205981394089e-01j), (1.466517150970158667e+00+8.705491495905472998e-01j), (1.992865275582215823e+00+4.611879845410240542e-01j), (1.832559098472114734e+00+1.576769000273816612e-01j), (2.341451831975389197e+00+9.104813303673447988e-01j), (2.626474252451702629e+00+8.255340747854552630e-01j), (2.530253446792499972e+00+4.383094532317188818e-02j), (2.456903586911504345e+00+8.862862203146693041e-03j), (2.206532545635005782e+00+5.627516637935848776e-01j), (3.136865789860059817e+00+5.054734141547607695e-01j), (2.477007457233418641e+00+1.366269070688242993e-01j), (2.111915692326754357e+00+1.072512494297250818e-02j), (2.446499346593635771e+00+3.998780453530363932e-01j), (2.203714422179968491e+00+3.912141029703101180e-01j), (2.049489720677476257e+00+3.893122169626267448e-01j), (1.678643215615124529e+00+3.447440044274004967e-01j), (2.117431950432500098e+00+7.514965479514494895e-01j), (1.266584995426732085e+00+1.464175956243772836e-01j), (1.211539486337073868e+00+2.345385869634083464e-01j), (1.313904159401491523e+00+5.197556245396690588e-01j), (7.754549534361190322e-01+9.155458848401485383e-01j), (6.097508561640764269e-01+9.956853110170549304e-02j), (5.233678622258877144e-01+8.181089823323739463e-01j), (1.222935624515089970e+00+8.428171189408439901e-02j), (5.640563556130833156e-01+7.987453693190016413e-01j)
 (8.750186681088391039e-01+5.765758804732233900e-01j), (7.878549275037037836e-01+8.690392166106231109e-01j), (1.233095060529231013e+00+3.227698149529223404e-01j), (4.177549591869315071e-01+1.471204634980984860e-01j), (8.929613255683809259e-01+6.205034985723710816e-01j), (1.476289986817894029e+00+2.126840544380795839e-01j), (8.175029389662394896e-01+8.427861666863387669e-01j), (1.132776161947968152e+00+2.472793619690830669e-01j), (1.479759217829534013e+00+8.383182512822773269e-01j), (1.693220435998389783e+00+9.592360015277366925e-01j), (2.347303407581576185e+00+2.360891487351211016e-01j), (1.829952279559827755e+00+1.351266122432027705e-01j), (2.304395232697785900e+00+8.019097715153158390e-01j), (2.697837804233683467e+00+3.259033027940135829e-01j), (2.516649041527762254e+00+6.457141896367945000e-01j), (2.208937661693339827e+00+4.337326981057655351e-01j), (2.028122348529207919e+00+3.499767669081554899e-02j), (2.624133867294383915e+00+1.101279285705425437e-01j), (2.568276978754120421e+00+9.326823835269614227e-01j), (2.786417994042290847e+00+7.214783244382598770e-01j), (2.577832298009907763e+00+4.517960671960271624e-01j), (2.381166065189797898e+00+4.975639208430736593e-01j), (1.485446396418328874e+00+6.149464405411478873e-01j), (2.032082221103685082e+00+9.180368691340351495e-01j), (1.369322433481760637e+00+1.175481138616494281e-01j), (9.172877296293403537e-01+3.258506436456872768e-01j), (1.436469184592621406e+00+6.722481876189426719e-01j), (1.011250795928650525e+00+8.150025859971642417e-01j), (7.527518052734344378e-01+7.490097162375985995e-01j), (1.346255529621828595e+00+3.996046953237319954e-01j), (1.029477056371087551e+00+3.482874513844987918e-01j), (5.391226337207205566e-01+9.602770120010993837e-01j)
 (1.585867838446847478e-01+5.052578902817072004e-01j), (9.592466585431639325e-01+3.254913736971827287e-01j), (1.110804766966215773e+00+5.277372521004923822e-01j), (6.561515460129476729e-01+8.310542069400269627e-01j), (8.116962711549015053e-01+5.414200639865942577e-01j), (9.578155938327832519e-01+2.449701320086281608e-01j), (9.574383056786552881e-01+1.268800276200434674e-01j), (1.431607159374231886e+00+4.361875378042767704e-02j), (1.028309708367966868e+00+9.036422343088934550e-02j), (2.130336001643338584e+00+6.605035844460704908e-02j), (1.933145671268276189e+00+1.135361083113510805e-01j), (2.439878780364443500e+00+2.787324576997025627e-01j), (2.309845328389088959e+00+7.368159823899664840e-01j), (1.886167966384425299e+00+1.923375666320134014e-01j), (2.073682973272620078e+00+3.590437634782717158e-02j), (1.893505891185754964e+00+8.347874097407548266e-02j), (2.174297292422370020e+00+7.071951135037779501e-03j), (2.764966553680372918e+00+9.431174646578869281e-01j), (2.248576603438589672e+00+9.510383894926726089e-01j), (2.469733621469874407e+00+7.220141026471373902e-01j), (1.939645129674425483e+00+1.655871606763952286e-01j), (2.320226943036707290e+00+5.397983253821407867e-01j), (2.097220663465183321e+00+5.709336192546715649e-01j), (1.468027187275378065e+00+1.592915137071199139e-01j), (1.148982587733592187e+00+8.962156737882687185e-01j), (9.912647834155322579e-01+9.631889383155234352e-02j), (1.404253376187864166e+00+9.050293018755156682e-01j), (9.478277171449167593e-01+8.120615197087671655e-01j), (1.245665217560473437e+00+1.530184446155578026e-01j), (5.130334372584899327e-01+3.219289924402645164e-01j), (5.532051725030324718e-01+9.370744760250097061e-01j), (6.721945950933096992e-01+2.791755936581289399e-01j)
 (7.863038981952159556e-01+7.119931978942171114e-01j), (6.424942686837515904e-01+3.489979419067851252e-01j), (1.005540987629021110e+00+3.055091154325630942e-01j), (1.239509502976066990e+00+3.278735541828083910e-01j), (8.578683721872817358e-01+7.777065362637347601e-01j), (6.537694327165815000e-01+2.844080608293574342e-01j), (9.240400090551591505e-01+2.029391512566844913e-01j), (1.585283778380448982e+00+5.388839292399938419e-01j), (1.463369057130394335e+00+5.467866036292231557e-01j), (2.024135463462314100e+00+5.283040190739436426e-01j), (1.458852481807796142e+00+9.453998732572541641e-01j), (2.224020554247237769e+00+7.931738634563283430e-01j), (1.645119558274322991e+00+6.363268650480289335e-01j), (2.223643990433801676e+00+1.238422098208887823e-01j), (2.364929315931383780e+00+3.363375635633473193e-01j), (2.593581809806075889e+00+9.136849585635338222e-01j), (2.128877998510505520e+00+2.845434550983348965e-01j), (2.576638523295641914e+00+4.742976870028181580e-01j), (1.930091186145352689e+00+1.279196131940474324e-01j), (2.200956005889227018e+00+4.056243812055080333e-01j), (2.167558861635402678e+00+6.383550213309543420e-01j), (1.416012102397313122e+00+6.641949157647736302e-01j), (2.038743247851493301e+00+5.468775486035629685e-01j), (1.639384963811052032e+00+3.703429451620388058e-02j), (1.621811010889309124e+00+9.768882738349026207e-01j), (1.312880423475639269e+00+9.473742633965159810e-01j), (7.633922487707471838e-01+1.777310491781434187e-01j), (5.651987809116767458e-01+5.399776527791710912e-01j), (1.363520069068522300e+00+5.355714532962285723e-01j), (1.183745804940999680e+00+9.875753779315611380e-01j), (6.947594939011330073e-01+9.236330345175015610e-01j), (1.079957687497744567e+00+4.893949942546831355e-01j)
 (1.102130967108065462e+00+1.157564736526579541e-01j), (1.106847948587758257e+00+8.553620074800883932e-01j), (1.203748114465082786e+00+8.882989570333784668e-01j), (1.263752484977979762e+00+4.158812596295169417e-01j), (1.268341613133390222e+00+1.484768888243970242e-02j), (6.922791416263830433e-01+2.442820502131540783e-01j), (1.558667738145356196e+00+6.206718288882360213e-01j), (1.149873972785018683e+00+5.805707984121007970e-01j), (1.717072977410792234e+00+1.806452872626000961e-01j), (1.868129244788971022e+00+3.290197046726804908e-01j), (1.167207214404584414e+00+7.468629248189231351e-01j), (1.355676874036695567e+00+5.769768991053755292e-01j), (1.757234881241080959e+00+8.175121093079426027e-01j), (2.200911850988654272e+00+2.986718227389444369e-01j), (1.885081746028771210e+00+9.450789345461918511e-02j), (2.236725083241981160e+00+8.264785149800124575e-02j), (2.227499549568105142e+00+6.719715258477136910e-01j), (2.405089934192639056e+00+3.973728886101748348e-01j), (2.243195937763188930e+00+7.037461837891059169e-01j), (1.882232009766474867e+00+8.198174289673687554e-01j), (2.415045481770296210e+00+4.543531812245881207e-01j), (1.406066449565415599e+00+1.916188005672136985e-01j), (1.932475737814190575e+00+1.548542713590257414e-01j), (1.934386195490775506e+00+1.522596360189024667e-01j), (1.378973005831574339e+00+6.173889669100895983e-02j), (1.103557382562911249e+00+7.886142036251430065e-01j), (7.468877344925692885e-01+9.877197356520058813e-01j), (9.020115958030336945e-01+1.029633406096325254e-01j), (9.060422670504044707e-01+7.049405962679710091e-01j), (9.375850040348121528e-01+5.769906830473547910e-02j), (4.072777220859330471e-01+6.250622587295001642e-01j), (1.154646249063939756e+00+8.492442472277595966e-01j)
 (3.239908488631029204e-01+3.003367617886706364e-01j), (1.067319258883222988e+00+3.165519174021159676e-01j), (8.920523834224924897e-01+5.862212152969361600e-01j), (6.654014331641400215e-01+8.576122012647404702e-01j), (1.062317074325651367e+00+8.957977395120819697e-01j), (8.922458714188278295e-01+2.105920431062621168e-01j), (7.861529604897656842e-01+3.929014220211164421e-01j), (9.566805492069744288e-01+8.661333098391087448e-01j), (8.784727456187144679e-01+1.833539262591528107e-01j), (1.365856576878602180e+00+5.104071964732678213e-01j), (1.381036456326891315e+00+2.457907948064094183e-01j), (1.739349292079038545e+00+5.817926212881376902e-01j), (1.983372767004930370e+00+4.546846543765326043e-02j), (2.043588018059257827e+00+6.802600181695580561e-01j), (1.737541863047891155e+00+7.499635743036041635e-01j), (1.790387046921339653e+00+3.980000432598191917e-01j), (1.782847640023929481e+00+5.473548297093351334e-01j), (2.219342287299138405e+00+1.376632323083792908e-02j), (2.148849663416450007e+00+9.813142717321222674e-01j), (1.490890853524865278e+00+1.516983240101246189e-01j), (1.886338701775732041e+00+7.479314306782894883e-01j), (2.000697643708141626e+00+4.893637174701579440e-01j), (1.396195457476626434e+00+9.833702846538709963e-01j), (1.136288329667034080e+00+8.051500332380210345e-01j), (1.679426147614583975e+00+2.634970635258115923e-02j), (7.966539665187689634e-01+5.174695434315129683e-01j), (1.337693941958326693e+00+3.012787021379257357e-01j), (7.610134875245025965e-01+5.790175511394445307e-01j), (8.250983054485687695e-01+4.483028009283241966e-01j), (5.109088831327244229e-01+8.667982941997917079e-01j), (6.362911160142985523e-01+7.015870428945941706e-01j), (1.950845609237621403e-01+9.854841256710650255e-01j)
 (4.140115818910667378e-01+8.537058085815751873e-02j), (1.037784603616096035e+00+1.922391261905612714e-01j), (4.429817770592685555e-01+3.067917794380985441e-01j), (1.150670638946878821e+00+7.235445479646227529e-01j), (5.002922192297057924e-01+9.638027832855262655e-01j), (5.995601663563666639e-01+5.409263902936315427e-01j), (7.066498845647347649e-01+8.541856753044667627e-01j), (1.394150739039509368e+00+4.293417651442860139e-01j), (8.434290705436356950e-01+4.532740500038995313e-01j), (1.046241265304424406e+00+1.391650384604045110e-01j), (1.615264517667522881e+00+5.962050334093677018e-01j), (1.386125950317308675e+00+1.083083545693680483e-01j), (2.120593481107952094e+00+6.698618472673568691e-01j), (1.617295358033774111e+00+3.325225034670077351e-01j), (2.007888958445520178e+00+2.852448174907904477e-01j), (2.197906645326744179e+00+4.577308236418199394e-01j), (2.115255990568452926e+00+5.463483212856956595e-02j), (1.886426001301919175e+00+4.059925323945721143e-01j), (1.871562411871203313e+00+2.928343009580011147e-01j), (2.206256177735780533e+00+5.697044955206025385e-01j), (1.255928675659264693e+00+9.745257606705948206e-02j), (1.256167359102850600e+00+4.307457579608899856e-01j), (1.466390031228296031e+00+2.476353102430027819e-01j), (1.148271842413464583e+00+6.501806609923497238e-01j), (1.572508424902997470e+00+8.019040033214385188e-01j), (1.085839178032199648e+00+6.395863033714044299e-01j), (9.286318424735658938e-01+6.937669557143458787e-01j), (1.350105208046103122e+00+1.318047914913200724e-02j), (3.736023304078980312e-01+3.968768934991058206e-01j), (6.765403881388585283e-01+1.702329827344462032e-02j), (2.155741951350244323e-01+3.808791773653245061e-01j), (5.889401895924910590e-01+4.807699201118145194e-01j)
 (1.006578928606111312e+00+5.208164484719988163e-01j), (5.050832769358938323e-01+1.327015489039110596e-01j), (6.605442261758128764e-01+1.386898096085626975e-01j), (6.287532092645080617e-01+9.431473412239458343e-01j), (7.504457737485779045e-01+5.086645664821595192e-01j), (5.518836578036763196e-01+4.049461323495212595e-01j), (8.241893692478223787e-01+1.050785090757372364e-01j), (7.071703355922552836e-01+3.712869524386143150e-01j), (1.129462953945976622e+00+8.978062814254843538e-01j), (1.537208611976608408e+00+6.040445065382016310e-02j), (1.730472442010446699e+00+3.721175998029170318e-01j), (1.909592893703796257e+00+8.661754283889321337e-01j), (1.403327772588105926e+00+2.511549487426117944e-01j), (1.718406309551942179e+00+1.755188369190179287e-01j), (1.874511691466222096e+00+6.453576370576945553e-01j), (1.623508794013866829e+00+1.126606432907352184e-01j), (2.266342898302516229e+00+1.515896672567270675e-01j), (1.386485967110985706e+00+1.821933032139320119e-01j), (1.359618138037111512e+00+2.825530079470162104e-01j), (1.495632812641186415e+00+3.137881770500339229e-01j), (1.173542691105717850e+00+8.819027015043405804e-01j), (2.051300284284205411e+00+8.186707268468612630e-01j), (1.161824347625608267e+00+7.768525000109760548e-02j), (1.690530761910056468e+00+9.624099786316856475e-01j), (1.496814708199087463e+00+6.194767588673377734e-01j), (1.096764966468736890e+00+7.839778229853959779e-01j), (6.143366932337169795e-01+8.222294427125426131e-01j), (7.484035046210820719e-01+9.605626041479925492e-01j), (6.243300767943338325e-01+2.776372633367494291e-01j), (6.427198167909398130e-01+5.085679455401217464e-01j), (9.609716312090400558e-01+3.247827112156893570e-01j), (5.178468985318371853e-01+2.929301985274457287e-02j)
 (1.034521814295163322e+00+6.415947300795425967e-01j), (1.135724936903228288e+00+9.886646279358145550e-01j), (7.333861684702750461e-01+9.178934010855288594e-02j), (4.078214850334532238e-01+4.751129882844821184e-01j), (8.187508999470555215e-01+4.072752824318072173e-01j), (6.695090375079517653e-01+3.687481883081742406e-01j), (6.423103699829735280e-01+1.627300932675145306e-01j), (1.002991996744133418e+00+2.531162613133052242e-01j), (1.321452993630562123e+00+5.216314395228284218e-01j), (1.632506300720995451e+00+6.626774394168453153e-01j), (1.443768187542851855e+00+3.081988755718244599e-01j), (1.468908758786005686e+00+4.461251883352799208e-01j), (1.692784103006965912e+00+9.274440579962612841e-01j), (2.102822756988883768e+00+6.824253675485784099e-01j), (1.592212061261460310e+00+3.361957041546654867e-01j), (1.758146480985499860e+00+1.907118584805693740e-01j), (2.066730525012911546e+00+2.573282125190652359e-01j), (1.306977221123795552e+00+2.772416704442939306e-01j), (1.670654750306637126e+00+7.517124344618787424e-01j), (1.805121902559299496e+00+4.407311677815861639e-01j), (1.173707498268667271e+00+5.824296492181162410e-01j), (1.038485971399119023e+00+4.032260958697947428e-01j), (1.334667964788029959e+00+9.731126394723242923e-01j), (1.212419986080813583e+00+6.520764246033883271e-02j), (1.192724037710092055e+00+5.968185208640179873e-01j), (8.775137907929192460e-01+3.148009830930015296e-01j), (7.025921503270505797e-01+8.917856280726088603e-02j), (9.420030925809134148e-01+8.447483383510381305e-01j), (1.268206563388186492e+00+7.445617038504214191e-01j), (8.985497057576223856e-01+4.250524886007883696e-01j), (4.099860132822906733e-01+7.449735697097644715e-01j), (4.294221799847390830e-01+3.606007073903683136e-02j)
 (3.414672458971563795e-01+5.843867561936354482e-01j), (6.708915669033959084e-01+7.968853880523716349e-01j), (7.830383212260129122e-01+7.417615585123578104e-01j), (5.413932530129859089e-01+8.424194700398995872e-01j), (5.645873765538815814e-01+8.137863288628399694e-01j), (8.466410280115481690e-01+6.795544267561159923e-01j), (1.222465582483830415e+00+9.718614199199664405e-01j), (1.274847184502892361e+00+4.465932467102099457e-01j), (1.043644308252743569e+00+6.925567032401336309e-01j), (1.290010574214645933e+00+5.484963120493892008e-01j), (1.135605370595865971e+00+7.760794197592058019e-01j), (1.602593601067205054e+00+9.117689307193438397e-01j), (1.510223987594766726e+00+2.303397880052969748e-01j), (1.920851019591001352e+00+5.375247290278812873e-01j), (1.584065201807566936e+00+5.828090016527854855e-01j), (1.931925855661143610e+00+7.163106530293513741e-01j), (2.064835187274732586e+00+9.099340282934753610e-01j), (1.216867001098529855e+00+6.849592741027775711e-01j), (1.279431673953995263e+00+1.023824353645457208e-01j), (1.110386386175920226e+00+9.555782294717878322e-01j), (1.588612669964960755e+00+7.068114107563452375e-01j), (1.610597365608914533e+00+7.785196189338210448e-01j), (9.493140487622038215e-01+1.328088681911053781e-01j), (1.530097367046653778e+00+3.599336175054624887e-01j), (1.151997265592330955e+00+3.933617712765283825e-01j), (1.213775331809109126e+00+2.500828748352186270e-01j), (6.228191954811996833e-01+8.523596559788254590e-01j), (5.885993358652257257e-01+7.359184536752736427e-01j), (1.175891168474751058e+00+5.301840650853569814e-01j), (4.677090442687705796e-01+3.530055518083342614e-01j), (3.066176993288326491e-01+8.425754414180922636e-01j), (8.148776474318111251e-01+1.506475591251871249e-01j)
 (6.571187947078795943e-01+2.202661832720342883e-02j), (5.035579978712912963e-01+5.722815831523380137e-01j), (1.141373301441919397e+00+6.918569193832090347e-01j), (7.821102169543896476e-01+3.892707490660750613e-01j), (3.639650714355768812e-01+9.008963682169985887e-01j), (7.677354471526465218e-01+8.542221116752516386e-01j), (1.025604518334193749e+00+3.719177046656181318e-01j), (1.240324538075728178e+00+5.352123425892285624e-02j), (7.587965962060437830e-01+9.736186670912273522e-01j), (9.898104269882950224e-01+4.566864550006559664e-01j), (1.527424867311232060e+00+6.764678124411883653e-01j), (1.786801083316456484e+00+6.485275788222181204e-01j), (1.203001625501143756e+00+2.852706936675392102e-01j), (1.312240662538997071e+00+2.368334296429628338e-01j), (1.744451978758468247e+00+8.651209725614483759e-02j), (1.132395113423664501e+00+9.244581046741982000e-01j), (2.020971870415253946e+00+7.986037333886686351e-02j), (1.519895251243317702e+00+3.109360353102526009e-01j), (1.668474284568110866e+00+6.744052665793571766e-01j), (1.802419001722408209e+00+2.743594750937063953e-01j), (1.632330840262247174e+00+3.314647053137617094e-01j), (1.345591006893174901e+00+7.781333235993337372e-02j), (1.229877391695214595e+00+9.980560545467566103e-01j), (8.117666214506630284e-01+7.329855249946368723e-01j), (1.398923108978102681e+00+5.060759762769555525e-01j), (6.299155278077743780e-01+3.210893547527905456e-01j), (8.202876525014363152e-01+4.877882966121893649e-01j), (8.958123456755267000e-01+2.915946393615207466e-01j), (1.183184807471616917e+00+2.071386322643168354e-01j), (9.817842446686222413e-01+6.235551704988232524e-01j), (4.259459897612487000e-01+2.462013622708847382e-01j), (2.025300649723696389e-01+2.390902478514855822e-01j)
 (2.953765389883643566e-01+3.432497992031059431e-01j), (8.349533116658848231e-01+6.685349128805184726e-01j), (1.074890958030622956e+00+4.261751503238957461e-01j), (2.876220445138458759e-01+3.534589956262531585e-01j), (1.167906804275269161e+00+7.563621587926292467e-01j), (3.358404851838107663e-01+3.440790869640144578e-01j), (7.326383988291118587e-01+6.702549837586472270e-01j), (6.124266359575487595e-01+2.039095809055960773e-01j), (9.626616753604696486e-01+7.303882092298095152e-01j), (9.036567023966115553e-01+2.755210905729876814e-02j), (1.554917809333392853e+00+7.117560936379588865e-01j), (1.192531540247768085e+00+8.603127313353491346e-01j), (1.226881335965282815e+00+9.785611828568681059e-01j), (1.615773350788869411e+00+9.838445155018789023e-01j), (1.277849942461941612e+00+3.602638093604434433e-01j), (1.536253742056858052e+00+2.199761725291408121e-01j), (1.318906158400467543e+00+1.672892305785502742e-01j), (1.672808228598817948e+00+4.831254483719158443e-01j), (1.383215977992945156e+00+5.881246342504334867e-01j), (1.685979568573389376e+00+5.305141916425689663e-01j), (1.087621622723610848e+00+4.095157208770089374e-01j), (1.533252358791490133e+00+2.111273180594798182e-01j), (1.657464001993546487e+00+1.199722132943050745e-01j), (1.396065705379874622e+00+1.838676364278677422e-01j), (1.366293206217810585e+00+3.164396262458790687e-03j), (1.059072306800558527e+00+2.144154531577879830e-02j), (4.475600422695263370e-01+5.670156627233047253e-02j), (7.354433162847870964e-01+8.756453356202262839e-01j), (1.027937677946123118e+00+5.329709676894585080e-01j), (9.129850718702412493e-01+1.025252172301028830e-01j), (5.531875136485633337e-01+8.217455740252943563e-01j), (3.103252984723533503e-01+8.971854055838400788e-01j)
 (2.867329766231462296e-01+5.407221065238823066e-01j), (8.326282552356382149e-01+5.228503124369352495e-01j), (3.456551455193633826e-01+7.340614421617566165e-01j), (1.104442298801335376e+00+6.132900432806869251e-01j), (9.316666335050781678e-01+4.094613388854253522e-01j), (7.292055296959029098e-01+9.293363455521184147e-01j), (1.314617954420599588e+00+1.376290973904854553e-01j), (1.323037160332374063e+00+3.937817914933599006e-01j), (6.587431398250671588e-01+6.392842374722673693e-01j), (1.601248239895888270e+00+5.695308263033554974e-01j), (7.642170318387961903e-01+9.506904485688436601e-01j), (9.804330942034388263e-01+7.385246661768480880e-01j), (1.815277278459220600e+00+2.127569600737222455e-01j), (1.479274323510125111e+00+2.378781961327213201e-01j), (1.638058943818942126e+00+9.820846081669597494e-01j), (1.731894856924600878e+00+6.392716735262904404e-01j), (1.159633225194718786e+00+3.873924421950749597e-01j), (1.719781487835295941e+00+8.092611117042893820e-01j), (1.152239376225214995e+00+8.246285759142457650e-01j), (1.402574673088580415e+00+4.709512569449189057e-01j), (1.662828640825122939e+00+8.395377545911665296e-01j), (1.276068870245020026e+00+8.245898780531539796e-01j), (1.053172642056748654e+00+3.520427609786936918e-01j), (1.576278982422499642e+00+5.688501274463073631e-01j), (7.986683313416880203e-01+3.884404636154168422e-01j), (9.246693286779101850e-01+8.853706811708978996e-01j), (3.834547848068750597e-01+9.479075970331409806e-01j), (5.103421805186011406e-01+9.314156330816341089e-01j), (6.478153934924681945e-01+2.629962681262698609e-03j), (1.171711637533355610e+00+6.319230155674555593e-01j), (6.617103041180724121e-01+7.471771877914324955e-01j), (7.352939618452725146e-01+9.540575057728901687e-01j)
 (9.315117623311283124e-01+6.828117888039706429e-01j), (1.366353170124316452e-01+7.701771336150446956e-01j), (1.015039124781078606e+00+8.297396706539549305e-01j), (3.324415485747530541e-01+3.864922662864910263e-01j), (1.131816762527599884e+00+3.256588153970264576e-01j), (5.440403268884982380e-01+6.235085376820602709e-01j), (1.182847306544932309e+00+3.726161651837409661e-01j), (4.456911325356912590e-01+1.891585489372513695e-01j), (6.889934125585108760e-01+8.517391025036111785e-01j), (1.442967411682980927e+00+3.754069658708921731e-01j), (1.064139741852427656e+00+9.896972382854661854e-01j), (1.465182926162787780e+00+5.452116720139948969e-01j), (9.006193180328001535e-01+1.048029107248080738e-01j), (1.787274819489765854e+00+6.932214500885713893e-01j), (1.855513997951897309e+00+9.219114005358464148e-02j), (1.920541986369804999e+00+9.035493573317393556e-01j), (1.548722424603674153e+00+7.476951134245389818e-01j), (1.585080830799461715e+00+8.669122269856506247e-01j), (1.861321867936484242e+00+8.464987446135411320e-01j), (1.353362878024939153e+00+6.829463952417421657e-01j), (1.028337904884792930e+00+1.360537257056255722e-01j), (7.611120821332242325e-01+9.386486552215010937e-01j), (8.663928695038620731e-01+1.465615731506313413e-01j), (1.415730934417316789e+00+8.717788534279180546e-02j), (1.372262269703448556e+00+1.364941173126832386e-02j), (1.178247436796016956e+00+7.250141638659169940e-01j), (5.025490723160626061e-01+7.173592224170799447e-01j), (7.306505529017666145e-01+8.298140623813498040e-01j), (1.153490584981673450e+00+9.732453870620101366e-01j), (8.304396412383815429e-01+1.417606383754610455e-01j), (5.324848787587588284e-01+9.234249032774556332e-01j), (1.776991373285293219e-01+2.192354549891073479e-02j)
 (7.690230343109453193e-01+4.964660168713252997e-02j), (7.112693805912098099e-01+6.934490031662602361e-01j), (3.980589827600440334e-01+7.798245916116506304e-01j), (6.909539911831518166e-01+7.321298085945775469e-01j), (5.837535558238190481e-01+5.197434201850228419e-01j), (1.121711282155885891e+00+1.229233484248246633e-01j), (5.099328997030978528e-01+4.168324671020531280e-01j), (5.477760231208710362e-01+1.846157093071376654e-02j), (1.009553309649484643e+00+4.231392681994502469e-01j), (1.009729255117357560e+00+3.892494583794570140e-02j), (1.508143468130337395e+00+7.974123670310949707e-01j), (9.429758104103173055e-01+4.121584195691925245e-01j), (9.796487232435300285e-01+3.674833835923246861e-01j), (1.648932492091491397e+00+6.872053965018779520e-01j), (1.208981250676053776e+00+4.045521070563126154e-01j), (1.492389552156590637e+00+8.098520910718042254e-01j), (1.722000531486463260e+00+9.447635990273481887e-01j), (1.803414789765588555e+00+7.714005179521805644e-01j), (1.806932634085977041e+00+3.143826203067539016e-01j), (1.146586739654175791e+00+3.696237594000875148e-01j), (7.649292969390129038e-01+5.375871959382244603e-01j), (9.578496381791458125e-01+5.644344688662539244e-02j), (1.235890816207522391e+00+9.567323318283325051e-01j), (1.281112184727002390e+00+5.942300121125376755e-01j), (9.279438907669335102e-01+1.191438183023784125e-01j), (8.653936475986989674e-01+7.835531026055269077e-01j), (7.604950761795732372e-01+1.072434222050087094e-01j), (1.100535887751062702e+00+9.215958747806525242e-01j), (1.120427287942446615e+00+1.611528987120727230e-01j), (3.024210832402237648e-01+2.924296002195907462e-01j), (4.620100758462539758e-01+6.685226276914435495e-02j), (2.350558283701996709e-01+2.927071496860759181e-01j)
 (4.630393177415422779e-01+6.706683701753873850e-01j), (8.314316395665352077e-01+1.190045419330197918e-01j), (6.610789857107801648e-01+4.751004930412580096e-01j), (8.816808851527776492e-01+8.439548439886135345e-01j), (6.477911908121956053e-01+3.740523708523662005e-01j), (1.221331678225894946e+00+4.815034498768400173e-02j), (1.092585046317713138e+00+3.493092929649056488e-01j), (3.997301281804712669e-01+5.088719150151638226e-01j), (1.304128779596811727e+00+4.809688306010806436e-01j), (1.242314054127733325e+00+3.830868989878192243e-01j), (8.286098454811803293e-01+7.319313078742136769e-01j), (1.142926108122990003e+00+9.162333824018533690e-01j), (1.310708500583199099e+00+7.775720783686334014e-01j), (1.574994782604491661e+00+8.273434604962510708e-01j), (1.551478208752687493e+00+6.220266123712514528e-03j), (1.325334392899938596e+00+1.397678991279260874e-01j), (1.669604999422262370e+00+4.401037317812808158e-01j), (1.646443695738372348e+00+7.394046988077578320e-01j), (1.279810142555364738e+00+6.490700583562177828e-01j), (9.254030205291384759e-01+3.054109027312386093e-01j), (8.206025408791525200e-01+4.918385534387448299e-02j), (1.055881104345589794e+00+1.166044237471509648e-01j), (1.196185518714698137e+00+6.866456345635320035e-01j), (1.260437931212144980e+00+5.021765571600412814e-01j), (4.727288296844552873e-01+9.214305288729087717e-01j), (4.840630563592085434e-01+6.056754113949580631e-01j), (5.705531848504208359e-01+2.500746574933712107e-01j), (3.249745056968718626e-01+5.007515549497786322e-01j), (2.483946200991607456e-01+6.747512153266957968e-01j), (8.976996057296057208e-01+7.665501837391183182e-01j), (8.373371336720085711e-01+6.961861103808549833e-01j), (4.699495191880433964e-01+9.067951153482168847e-01j)
